file_path,manufacturer,model,displ,year,cyl,trans,drv,cty,hwy,fl,class
004_writing_multiple_files/car_data_01/land rover.csv,land rover,range rover,4,1999,8,auto(l4),4,11,15,p,suv
004_writing_multiple_files/car_data_01/land rover.csv,land rover,range rover,4.2,2008,8,auto(s6),4,12,18,r,suv
004_writing_multiple_files/car_data_01/land rover.csv,land rover,range rover,4.4,2008,8,auto(s6),4,12,18,r,suv
004_writing_multiple_files/car_data_01/land rover.csv,land rover,range rover,4.6,1999,8,auto(l4),4,11,15,p,suv
